select*from cliente;
INSERT INTO `libreria2`.`cliente` (`dni`, `nombre`, `apellido`) VALUES ('78923691K', 'Alejandro', 'Martin');
INSERT INTO `libreria2`.`cliente` (`dni`, `nombre`, `apellido`) VALUES ('88928691G', 'Maria', 'Lucena');
INSERT INTO `libreria2`.`cliente` (`dni`, `nombre`, `apellido`) VALUES ('42845458P', 'Marina', 'Celeste');
select*from editorial;
INSERT INTO `libreria2`.`editorial` (`idEditorial`, `nombre_editorial`) VALUES ('11', 'Paganini');
INSERT INTO `libreria2`.`editorial` (`idEditorial`, `nombre_editorial`) VALUES ('114', 'Alma editorial');
INSERT INTO `libreria2`.`editorial` (`idEditorial`, `nombre_editorial`) VALUES ('78', 'Planeta');
select*from proveedor;
INSERT INTO `libreria2`.`proveedor` (`idProveedor`, `Nombre_proovedor`, `Editorial_idEditorial`) VALUES ('1', 'Marco F', '11');
INSERT INTO `libreria2`.`proveedor` (`idProveedor`, `Nombre_proovedor`, `Editorial_idEditorial`) VALUES ('2', 'Lucia Sanc.', '114');
INSERT INTO `libreria2`.`proveedor` (`idProveedor`, `Nombre_proovedor`, `Editorial_idEditorial`) VALUES ('3', 'Mario Fndz', '78');
select*from libros;
INSERT INTO `libreria2`.`libros` (`id_libro`, `nombre`, `ticket_compra_idFactura`) VALUES ('1', 'El Cid', '111');
INSERT INTO `libreria2`.`libros` (`id_libro`, `nombre`, `ticket_compra_idFactura`) VALUES ('2', 'Pinocho', '112');
INSERT INTO `libreria2`.`libros` (`id_libro`, `nombre`, `ticket_compra_idFactura`) VALUES ('3', 'Peter Pan', '113');
select*from ticket_compra;
INSERT INTO `libreria2`.`ticket_compra` (`idFactura`, `precio`, `Cliente_dni`) VALUES ('111', '10.00e', '78923691K');
INSERT INTO `libreria2`.`ticket_compra` (`idFactura`, `precio`, `Cliente_dni`) VALUES ('112', '22.00e', '88928691G');
INSERT INTO `libreria2`.`ticket_compra` (`idFactura`, `precio`, `Cliente_dni`) VALUES ('113', '8.90e', '42845458P');
select*from libros_y_proveedores;
INSERT INTO `libreria2`.`libros_y_proveedores` (`Libros_id_libro`, `Proveedor_idProveedor`) VALUES ('01', '1');
INSERT INTO `libreria2`.`libros_y_proveedores` (`Libros_id_libro`, `Proveedor_idProveedor`) VALUES ('02', '2');
INSERT INTO `libreria2`.`libros_y_proveedores` (`Libros_id_libro`, `Proveedor_idProveedor`) VALUES ('03', '3');